symbol,promoter_holding_pct,promoter_holding_as_of,promoter_change_1q_pp,promoter_change_4q_pp,promoter_change_max_pp,quarters_of_history,has_promoter,promoter_pledge_pct,pledge_as_of,total_encumbered_shares,holding_source_disagreement_pp,fetched_at,schema_version,status
360ONE,6.2,2026-06-30,-0.040000000000000036,-0.0699999999999994,-16.580000000000002,23,True,0.0,31-Mar-2026,5762992.0,0.040000000000000036,2026-09-11,1,ok
3MINDIA,75.0,2026-06-30,0.0,0.0,0.0,20,True,0.0,30-Jun-2026,204889.0,0.0,2026-09-11,1,ok
AADHARHFC,64.66,2026-06-30,-0.2400000000000091,-10.840000000000003,-11.820000000000007,10,True,0.0,30-Jun-2026,10037543.0,0.0,2026-09-11,1,ok
AARTIIND,41.82,2026-06-30,-0.2700000000000031,-0.4200000000000017,-2.3900000000000006,20,True,3.49,30-Jun-2026,22364202.0,0.0,2026-09-11,1,ok
AAVAS,48.88,2026-06-30,0.0,-0.0799999999999983,9.660000000000004,20,True,0.0,,,,2026-09-11,1,ok
ABB,75.0,2026-06-30,0.0,0.0,0.0,20,True,0.0,30-Jun-2026,1092473.0,0.0,2026-09-11,1,ok
ABBOTINDIA,,,,,,0,False,,,,,2026-09-11,1,no_holding_history
ABCAPITAL,68.81,2026-06-30,0.0,0.10999999999999943,-1.8799999999999955,22,True,0.0,30-Jun-2026,27987217.0,0.0,2026-09-11,1,ok
ABDL,80.91,2026-06-30,0.0,0.0,0.0,10,True,0.0,,,,2026-09-11,1,ok
ABFRL,46.61,2026-06-30,0.0,0.03999999999999915,-9.520000000000003,24,True,0.0,30-Jun-2026,145174531.0,0.3100000000000023,2026-09-11,1,ok
ABLBL,46.6,2026-06-30,0.0,0.030000000000001137,0.030000000000001137,6,True,0.0,,,,2026-09-11,1,ok
ABREL,50.21,2026-06-30,0.0,0.0,0.0,20,True,0.0,30-Jun-2026,4678295.0,0.75,2026-09-11,1,ok
ABSLAMC,74.71,2026-06-30,-0.10999999999999943,-0.1700000000000017,-11.790000000000006,20,True,0.0,,,,2026-09-11,1,ok
ACC,56.69,2026-06-30,0.0,0.0,2.1599999999999966,20,True,0.0,30-Jun-2026,3715610.0,0.0,2026-09-11,1,ok
ACE,65.42,2026-06-30,0.0,0.010000000000005116,-1.3400000000000034,20,True,0.0,30-Jun-2026,4399016.0,0.04999999999999716,2026-09-11,1,ok
ACMESOLAR,71.4,2026-06-30,-0.0799999999999983,-12.009999999999991,-12.009999999999991,9,True,0.0,,,,2026-09-11,1,ok
ACUTAAS,32.66,2026-06-30,0.0,0.0,-8.39,22,True,0.0,,,,2026-09-11,1,ok
ADANIENSOL,73.39,2026-07-30,-1.3199999999999932,2.200000000000003,-1.5300000000000011,22,True,0.0,30-Jun-2026,10145552.0,1.3199999999999932,2026-09-11,1,ok
ADANIENT,71.97,2026-07-07,-2.8700000000000045,-2.0,-3.030000000000001,25,True,0.79,30-Jun-2026,22276462.0,2.8700000000000045,2026-09-11,1,ok
ADANIGREEN,62.43,2026-06-30,0.0,0.5200000000000031,2.289999999999999,20,True,0.0,30-Jun-2026,16739785.0,0.0,2026-09-11,1,ok
ADANIPORTS,66.03,2026-06-30,-1.9899999999999949,0.14000000000000057,2.200000000000003,23,True,0.0,30-Jun-2026,18940199.0,0.0,2026-09-11,1,ok
ADANIPOWER,74.96,2026-06-30,0.0,0.0,-0.010000000000005116,20,True,1.81,30-Jun-2026,430971420.0,0.0,2026-09-11,1,ok
AEGISLOG,58.1,2026-06-30,0.0,0.0,-4.829999999999998,21,True,0.0,30-Jun-2026,4990607.0,0.0,2026-09-11,1,ok
AEGISVOPAK,86.93,2026-06-30,0.0,0.0,0.0,6,True,0.0,,,,2026-09-11,1,ok
AFCONS,50.17,2026-06-30,0.0,0.0,0.0,8,True,100.0,30-Jun-2026,193778392.0,0.0,2026-09-11,1,ok
AFFLE,54.91,2026-06-30,-0.010000000000005116,-0.09000000000000341,-4.980000000000004,21,True,0.0,,,,2026-09-11,1,ok
AIAENG,58.5,2026-06-30,0.0,0.0,0.030000000000001137,20,True,0.0,30-Jun-2026,349449.0,0.0,2026-09-11,1,ok
AIIL,68.81,2026-06-30,0.0,0.01999999999999602,-5.909999999999997,11,True,0.0,,,,2026-09-11,1,ok
AJANTPHARM,63.48,2026-06-30,-2.770000000000003,-2.7800000000000082,-6.8600000000000065,21,True,22.53,30-Jun-2026,18620369.0,0.0,2026-09-11,1,ok
ALKEM,49.7,2026-06-30,-1.5,-3.3399999999999963,-9.14,20,True,0.0,,,,2026-09-11,1,ok
AMBER,38.09,2026-06-30,-0.0799999999999983,-1.5599999999999952,-2.1799999999999997,20,True,0.0,,,,2026-09-11,1,ok
AMBUJACEM,67.33,2026-06-30,0.0,-0.3500000000000085,4.07,23,True,0.0,30-Jun-2026,39702298.0,0.01999999999999602,2026-09-11,1,ok
ANANDRATHI,41.37,2026-06-30,0.0,-1.3500000000000014,-7.450000000000003,22,True,13.83,30-Jun-2026,32111754.0,0.0,2026-09-11,1,ok
ANANTRAJ,57.42,2026-06-30,0.010000000000005116,-2.6999999999999957,-7.6200000000000045,23,True,0.0,30-Jun-2026,30562955.0,0.0,2026-09-11,1,ok
ANGELONE,28.59,2026-06-30,-0.21000000000000085,-0.379999999999999,-15.180000000000003,21,True,0.0,,,,2026-09-11,1,ok
ANTHEM,71.42,2026-06-30,-3.260000000000005,-3.269999999999996,-3.269999999999996,5,True,0.0,,,,2026-09-11,1,ok
ANURAS,59.07,2026-06-30,0.0,0.0,-6.330000000000005,21,True,21.79,30-Jun-2026,41502481.0,0.0,2026-09-11,1,ok
APARINDS,55.42,2026-08-13,-2.3399999999999963,-2.3500000000000014,-5.039999999999999,22,True,0.0,30-Jun-2026,501417.0,2.3399999999999963,2026-09-11,1,ok
APLAPOLLO,28.25,2026-06-30,0.0,-0.05999999999999872,-8.590000000000003,21,True,0.0,30-Jun-2026,17206769.0,0.0,2026-09-11,1,ok
APOLLOHOSP,28.02,2026-06-30,0.0,-1.3200000000000003,-1.8000000000000007,20,True,2.49,30-Jun-2026,1722772.0,0.0,2026-09-11,1,ok
APOLLOTYRE,36.93,2026-06-30,0.0,-0.020000000000003126,-4.82,21,True,0.01,31-Mar-2026,3650246.0,0.3999999999999986,2026-09-11,1,ok
APTUS,23.86,2026-06-30,-0.010000000000001563,-16.509999999999998,-38.65,20,True,0.0,,,,2026-09-11,1,ok
ARE&M,,,,,,0,False,,,,,2026-09-11,1,no_holding_history
ASAHIINDIA,51.57,2026-06-30,0.0,-2.520000000000003,-2.6700000000000017,20,True,3.36,30-Jun-2026,12065439.0,0.0,2026-09-11,1,ok
ASHOKLEY,51.51,2026-06-30,0.0,-0.010000000000005116,-0.030000000000001137,21,True,39.48,30-Jun-2026,1272786027.0,0.39000000000000057,2026-09-11,1,ok
ASIANPAINT,52.63,2026-06-30,0.0,0.0,-0.1599999999999966,20,True,9.52,30-Jun-2026,57117575.0,0.0799999999999983,2026-09-11,1,ok
ASTERDM,53.72,2026-07-13,13.329999999999998,13.329999999999998,15.839999999999996,22,True,40.66,30-Jun-2026,319598572.0,13.329999999999998,2026-09-11,1,ok
ASTRAL,54.22,2026-06-30,0.0,0.11999999999999744,-1.5200000000000031,22,True,0.0,30-Jun-2026,2421322.0,0.0,2026-09-11,1,ok
ATGL,74.8,2026-06-30,0.0,0.0,0.0,20,True,0.0,,,,2026-09-11,1,ok
ATHERENERG,39.58,2026-07-20,-1.1400000000000006,-1.6400000000000006,-2.510000000000005,7,True,0.0,,,,2026-09-11,1,ok
ATUL,45.33,2026-06-30,0.10999999999999943,0.14999999999999858,0.39000000000000057,19,True,0.97,30-Jun-2026,1306448.0,0.0,2026-09-11,1,ok
AUBANK,22.74,2026-06-30,-0.020000000000003126,-0.11000000000000298,-5.650000000000002,23,True,0.0,30-Jun-2026,14386584.0,0.0,2026-09-11,1,ok
AUROPHARMA,51.88,2026-06-30,0.060000000000002274,0.060000000000002274,0.05000000000000426,20,True,13.75,30-Jun-2026,49976436.0,0.0,2026-09-11,1,ok
AWL,56.94,2026-06-30,0.0,-17.42,-31.0,21,True,0.0,,,,2026-09-11,1,ok
AXISBANK,7.87,2026-06-30,-0.27000000000000046,-0.2999999999999998,-3.7700000000000005,20,True,0.0,30-Jun-2026,42447046.0,0.0,2026-09-11,1,ok
BAJAJ-AUTO,55.01,2026-06-30,0.0,-0.030000000000001137,1.3099999999999952,20,True,0.01,30-Jun-2026,2297074.0,0.0,2026-09-11,1,ok
BAJAJFINSV,58.71,2026-06-30,0.0,-0.10000000000000142,-2.0899999999999963,21,True,0.0,30-Jun-2026,16115533.0,0.04999999999999716,2026-09-11,1,ok
BAJAJHFL,86.7,2026-06-30,0.0,-2.0,-2.049999999999997,9,True,0.0,,,,2026-09-11,1,ok
BAJAJHLDNG,51.46,2026-06-30,0.0,0.0,1.3900000000000006,20,True,0.0,30-Jun-2026,1362097.0,0.0,2026-09-11,1,ok
BAJFINANCE,54.67,2026-06-30,-0.030000000000001137,-0.05999999999999517,-1.3599999999999994,22,True,0.0,30-Jun-2026,60717566.0,0.0899999999999963,2026-09-11,1,ok
BALKRISIND,58.29,2026-06-30,0.0,0.0,-0.00999999999999801,20,True,0.0,30-Jun-2026,1122682.0,0.0,2026-09-11,1,ok
BALRAMCHIN,42.86,2026-06-30,0.0,0.0,1.4600000000000009,22,True,0.0,30-Jun-2026,5101063.0,0.0,2026-09-11,1,ok
BANDHANBNK,37.54,2026-06-30,-1.4399999999999977,-3.3800000000000026,-2.450000000000003,20,True,0.0,,,,2026-09-11,1,ok
BANKBARODA,63.97,2026-06-30,0.0,0.0,0.0,20,True,0.0,30-Jun-2026,62338796.0,0.0,2026-09-11,1,ok
BANKINDIA,73.38,2026-06-30,0.0,0.0,-8.030000000000001,21,True,0.0,30-Jun-2026,56858541.0,0.0,2026-09-11,1,ok
BATAINDIA,50.16,2026-06-30,0.0,0.0,-2.8000000000000043,20,True,0.0,30-Jun-2026,3530221.0,0.0,2026-09-11,1,ok
BAYERCROP,,,,,,0,False,,,,,2026-09-11,1,no_holding_history
BBTC,74.05,2026-06-30,0.0,0.0,0.030000000000001137,43,True,0.0,30-Jun-2026,1201118.0,0.0,2026-09-11,1,ok
BDL,74.93,2026-06-30,0.0,0.0,0.0,20,True,0.0,,,,2026-09-11,1,ok
BEL,51.14,2026-06-30,0.0,0.0,0.0,21,True,0.0,30-Jun-2026,115044488.0,0.0,2026-09-11,1,ok
BELRISE,61.15,2026-07-17,-5.309999999999995,-11.860000000000007,-11.860000000000007,7,True,0.0,,,,2026-09-11,1,ok
BEML,54.03,2026-06-30,0.0,0.0,0.0,20,True,0.0,30-Jun-2026,2918468.0,0.0,2026-09-11,1,ok
BERGEPAINT,74.98,2026-06-30,0.0,0.0,-0.009999999999990905,20,True,0.0,30-Jun-2026,3520806.0,0.0,2026-09-11,1,ok
BHARATFORG,44.07,2026-06-30,0.0,0.0,-3.1700000000000017,43,True,0.0,30-Jun-2026,3539384.0,0.0,2026-09-11,1,ok
BHARTIARTL,50.07,2026-06-30,0.0,-0.20000000000000284,-6.159999999999997,23,True,0.0,30-Jun-2026,40636018.0,0.03999999999999915,2026-09-11,1,ok
BHARTIHEXA,70.0,2026-06-30,0.0,0.0,0.0,10,True,0.0,,,,2026-09-11,1,ok
BHEL,58.17,2026-06-30,0.0,-5.0,-5.0,20,True,0.0,30-Jun-2026,73350213.0,0.0,2026-09-11,1,ok
BIKAJI,73.88,2026-06-30,0.0,-1.0400000000000063,-2.0900000000000034,16,True,0.0,,,,2026-09-11,1,ok
BIOCON,44.68,2026-06-30,0.0,-3.5900000000000034,-15.96,24,True,0.0,30-Jun-2026,28723787.0,0.04999999999999716,2026-09-11,1,ok
BLS,70.39,2026-06-30,0.0,0.0,-4.200000000000003,22,True,0.0,30-Jun-2026,21870375.0,0.04000000000000625,2026-09-11,1,ok
BLUEDART,75.0,2026-06-30,0.0,0.0,0.0,20,True,0.0,30-Jun-2026,242175.0,0.0,2026-09-11,1,ok
BLUEJET,73.15,2026-07-09,-6.659999999999997,-6.659999999999997,-12.849999999999994,13,True,0.0,,,,2026-09-11,1,ok
BLUESTARCO,36.5,2026-06-30,0.00999999999999801,0.00999999999999801,-2.259999999999998,22,True,0.0,30-Jun-2026,2205775.0,0.00999999999999801,2026-09-11,1,ok
BOSCHLTD,70.54,2026-06-30,0.0,0.0,0.0,20,True,0.0,30-Jun-2026,128159.0,0.0,2026-09-11,1,ok
BPCL,52.98,2026-06-30,0.0,0.0,0.0,21,True,0.0,30-Jun-2026,27372942.0,0.0,2026-09-11,1,ok
BRIGADE,41.1,2026-06-30,0.0,-0.01999999999999602,-2.8599999999999994,22,True,0.0,30-Jun-2026,2131018.0,0.0,2026-09-11,1,ok
BRITANNIA,50.55,2026-06-30,0.0,0.0,0.0,20,True,0.0,30-Jun-2026,2105064.0,0.0,2026-09-11,1,ok
BSE,0.0,2026-06-30,0.0,0.0,0.0,22,False,,,,,2026-09-11,1,ok
BSOFT,40.38,2026-06-30,-0.00999999999999801,-0.25,-0.27999999999999403,21,True,0.0,30-Jun-2026,16332710.0,0.0,2026-09-11,1,ok
CAMS,0.0,2026-06-30,0.0,0.0,-30.96,22,False,,,,,2026-09-11,1,ok
CANBK,62.93,2026-06-30,0.0,0.0,0.0,20,True,0.0,30-Jun-2026,216102465.0,0.0,2026-09-11,1,ok
CANFINHOME,29.99,2026-06-30,0.0,0.0,0.0,20,True,0.0,30-Jun-2026,10191108.0,0.0,2026-09-11,1,ok
CANHLIFE,62.0,2026-06-30,0.0,,0.0,4,True,0.0,,,,2026-09-11,1,ok
CAPLIPOINT,70.57,2026-06-30,0.0,0.009999999999990905,1.539999999999992,20,True,0.0,30-Jun-2026,2017371.0,0.0,2026-09-11,1,ok
CARBORUNIV,38.89,2026-06-30,0.0,-0.3399999999999963,-3.0700000000000003,20,True,0.0,30-Jun-2026,3748118.0,0.0,2026-09-11,1,ok
CARTRADE,0.0,2026-06-30,0.0,0.0,0.0,20,False,,,,,2026-09-11,1,ok
CASTROLIND,51.0,2026-06-30,0.0,0.0,0.0,20,True,0.0,30-Jun-2026,46899185.0,0.0,2026-09-11,1,ok
CCL,46.14,2026-06-30,0.030000000000001137,0.04999999999999716,-0.04999999999999716,20,True,0.0,30-Jun-2026,1855336.0,0.14999999999999858,2026-09-11,1,ok
CDSL,15.0,2026-06-30,0.0,0.0,-5.0,21,True,0.0,,,,2026-09-11,1,ok
CEATLTD,47.29,2026-06-30,0.0,0.0799999999999983,0.46999999999999886,20,True,0.0,30-Jun-2026,855537.0,0.2700000000000031,2026-09-11,1,ok
CEMPRO,67.46,2026-06-30,0.0,0.0,20.819999999999993,21,True,0.0,30-Jun-2026,5056323.0,0.0,2026-09-11,1,ok
CENTRALBK,81.19,2026-06-30,0.0,-8.079999999999998,-11.89,22,True,0.0,30-Jun-2026,123887964.0,0.0,2026-09-11,1,ok
CESC,52.11,2026-06-30,0.0,0.0,0.0,20,True,0.0,30-Jun-2026,29101836.0,0.0,2026-09-11,1,ok
CGCL,59.92,2026-06-30,0.0,-0.030000000000001137,-14.0,21,True,0.0,30-Jun-2026,34714552.0,0.0,2026-09-11,1,ok
CGPOWER,56.36,2026-06-30,0.0,-0.020000000000003126,3.6599999999999966,23,True,0.0,30-Jun-2026,36964824.0,0.0,2026-09-11,1,ok
CHALET,67.29,2026-06-30,0.0,-0.10999999999999943,-4.359999999999999,21,True,31.91,30-Jun-2026,48917758.0,0.0,2026-09-11,1,ok
CHAMBLFERT,61.34,2026-06-30,0.09000000000000341,0.8400000000000034,0.9500000000000028,21,True,23.07,30-Jun-2026,62277653.0,0.0,2026-09-11,1,ok
CHENNPETRO,67.29,2026-06-30,0.0,0.0,0.0,20,True,0.0,30-Jun-2026,2638436.0,0.0,2026-09-11,1,ok
CHOICEIN,53.65,2026-06-30,0.0,-1.3800000000000026,2.1999999999999957,27,True,11.9,30-Jun-2026,51635225.0,0.0,2026-09-11,1,ok
CHOLAFIN,49.22,2026-06-30,-0.030000000000001137,-0.6799999999999997,-2.3500000000000014,20,True,0.0,30-Jun-2026,4510446.0,0.0,2026-09-11,1,ok
CHOLAHLDNG,46.43,2026-06-30,0.04999999999999716,-0.00999999999999801,-2.1899999999999977,20,True,0.02,30-Jun-2026,1704835.0,0.0,2026-09-11,1,ok
CIEINDIA,65.7,2026-06-30,0.0,0.0,-6.489999999999995,20,True,0.0,30-Jun-2026,4366365.0,0.0,2026-09-11,1,ok
CIPLA,29.21,2026-06-30,0.0,0.019999999999999574,-6.909999999999997,20,True,0.0,30-Jun-2026,7008650.0,0.21999999999999886,2026-09-11,1,ok
CLEAN,51.29,2026-06-30,0.0,-23.68,-27.220000000000006,20,True,0.0,30-Jun-2026,3230669.0,0.0,2026-09-11,1,ok
COALINDIA,61.13,2026-06-30,-2.0,-2.0,-4.999999999999993,20,True,0.0,30-Jun-2026,60618397.0,0.0,2026-09-11,1,ok
COCHINSHIP,67.91,2026-06-30,0.0,0.0,-4.950000000000003,20,True,0.0,,,,2026-09-11,1,ok
COFORGE,0.0,2026-06-30,0.0,0.0,-50.18,23,False,,30-Jun-2026,3250004.0,0.0,2026-09-11,1,ok
COHANCE,57.49,2026-06-30,0.0,-8.919999999999995,-2.509999999999998,21,True,94.56,30-Jun-2026,213430774.0,0.0,2026-09-11,1,ok
COLPAL,51.0,2026-06-30,0.0,0.0,0.0,20,True,0.0,30-Jun-2026,3743300.0,0.0,2026-09-11,1,ok
CONCOR,54.8,2026-06-30,0.0,0.0,0.0,21,True,0.0,30-Jun-2026,10454365.0,0.0,2026-09-11,1,ok
CONCORDBIO,44.08,2026-06-30,0.0,0.0,0.0,12,True,0.0,,,,2026-09-11,1,ok
COROMANDEL,56.35,2026-06-30,0.0,-0.5499999999999972,-1.1899999999999977,20,True,0.01,30-Jun-2026,1470839.0,0.1700000000000017,2026-09-11,1,ok
CPPLUS,74.71,2026-06-30,-0.030000000000001137,-2.410000000000011,-2.410000000000011,5,True,0.0,,,,2026-09-11,1,ok
CRAFTSMAN,42.41,2026-06-30,-2.010000000000005,-6.290000000000006,-17.35,22,True,0.0,,,,2026-09-11,1,ok
CREDITACC,66.21,2026-06-30,-0.030000000000001137,-0.22000000000001307,-7.780000000000001,21,True,0.0,,,,2026-09-11,1,ok
CRISIL,66.64,2026-06-30,0.0,0.0,-0.28000000000000114,20,True,0.0,30-Jun-2026,489428.0,0.0,2026-09-11,1,ok
CROMPTON,0.0,2026-06-30,0.0,0.0,-5.99,21,False,,30-Jun-2026,17464261.0,0.0,2026-09-11,1,ok
CUB,0.0,2026-06-30,0.0,0.0,0.0,20,False,,30-Jun-2026,15668983.0,0.0,2026-09-11,1,ok
CUMMINSIND,51.0,2026-06-30,0.0,0.0,0.0,20,True,0.0,30-Jun-2026,2122176.0,0.0,2026-09-11,1,ok
CYIENT,24.7,2026-07-15,1.4199999999999982,1.4199999999999982,1.2699999999999996,21,True,0.0,30-Jun-2026,1743966.0,0.9499999999999993,2026-09-11,1,ok
DABUR,66.24,2026-06-30,-0.010000000000005116,0.01999999999999602,-1.1200000000000045,20,True,0.0,30-Jun-2026,13047129.0,0.0,2026-09-11,1,ok
DALBHARAT,55.84,2026-06-30,0.0,0.0,-0.12999999999999545,20,True,0.0,30-Jun-2026,4656019.0,0.0,2026-09-11,1,ok
DATAPATTNS,42.41,2026-06-30,0.0,0.0,-3.210000000000001,21,True,0.0,,,,2026-09-11,1,ok
DCMSHRIRAM,66.52,2026-06-30,0.0,0.0,-0.010000000000005116,20,True,0.0,30-Jun-2026,1144888.0,0.6800000000000068,2026-09-11,1,ok
DEEPAKFERT,45.63,2026-06-30,0.0,0.0,-7.43,21,True,5.47,30-Jun-2026,8567843.0,0.0,2026-09-11,1,ok
DEEPAKNTR,49.34,2026-06-30,0.010000000000005116,0.060000000000002274,3.6500000000000057,20,True,0.0,30-Jun-2026,3803579.0,0.0,2026-09-11,1,ok
DELHIVERY,0.0,2026-06-30,0.0,0.0,0.0,18,False,,,,,2026-09-11,1,ok
DEVYANI,61.36,2026-06-30,0.0,-1.259999999999998,-1.5499999999999972,20,True,0.0,30-Jun-2026,28317298.0,0.0,2026-09-11,1,ok
DIVISLAB,51.88,2026-06-30,0.0,-0.00999999999999801,-0.07000000000000028,20,True,0.0,30-Jun-2026,3355091.0,0.0,2026-09-11,1,ok
DIXON,28.55,2026-06-30,-0.129999999999999,-0.3999999999999986,-6.379999999999999,20,True,0.0,30-Jun-2026,1250798.0,0.0,2026-09-11,1,ok
DLF,74.08,2026-06-30,0.0,0.0,-0.8700000000000045,20,True,0.0,30-Jun-2026,24343380.0,0.0,2026-09-11,1,ok
DMART,74.48,2026-06-30,-0.030000000000001137,-0.1700000000000017,-0.5099999999999909,20,True,0.0,30-Jun-2026,7204707.0,0.0,2026-09-11,1,ok
DOMS,63.39,2026-06-30,-7.0,-7.0,-11.569999999999993,12,True,0.0,,,,2026-09-11,1,ok
DRREDDY,26.64,2026-06-30,0.010000000000001563,0.0,-0.0799999999999983,20,True,0.0,30-Jun-2026,6290930.0,0.1999999999999993,2026-09-11,1,ok
ECLERX,54.52,2026-06-30,0.0,0.7100000000000009,0.7100000000000009,26,True,0.0,30-Jun-2026,949926.0,2.1899999999999977,2026-09-11,1,ok
EICHERMOT,49.02,2026-06-30,-0.03999999999999915,-0.04999999999999716,-0.19999999999999574,20,True,0.0,30-Jun-2026,1484464.0,0.0,2026-09-11,1,ok
EIDPARRY,41.28,2026-06-30,-0.1599999999999966,-0.259999999999998,-3.3999999999999986,20,True,0.0,31-Mar-2026,12505801.0,0.1599999999999966,2026-09-11,1,ok
EIHOTEL,32.85,2026-06-30,0.0,0.0,-2.8900000000000006,20,True,0.0,30-Jun-2026,6143553.0,0.0,2026-09-11,1,ok
ELECON,59.27,2026-06-30,0.0,0.0,0.060000000000002274,20,True,0.0,30-Jun-2026,10483901.0,0.0,2026-09-11,1,ok
ELGIEQUIP,31.19,2026-06-30,0.0,0.0,-0.7199999999999989,20,True,0.87,30-Jun-2026,13642174.0,0.48999999999999844,2026-09-11,1,ok
EMAMILTD,54.84,2026-06-30,0.0,0.0,0.980000000000004,20,True,16.23,30-Jun-2026,52868781.0,0.0,2026-09-11,1,ok
EMCURE,77.83,2026-06-30,-0.04000000000000625,-0.0799999999999983,-0.25,9,True,0.04,30-Jun-2026,974923.0,0.0,2026-09-11,1,ok
EMMVEE,80.03,2026-06-30,0.0,,0.0,4,True,0.0,,,,2026-09-11,1,ok
ENDURANCE,75.0,2026-06-30,0.0,0.0,0.0,20,True,0.0,,,,2026-09-11,1,ok
ENGINERSIN,51.32,2026-06-30,0.0,0.0,0.0,20,True,0.0,30-Jun-2026,21306745.0,0.0,2026-09-11,1,ok
ENRIN,75.0,2026-06-30,0.0,0.0,0.0,6,True,0.0,,,,2026-09-11,1,ok
ERIS,54.14,2026-06-30,0.21999999999999886,-0.6899999999999977,-1.7899999999999991,38,True,16.85,30-Jun-2026,17987772.0,0.0,2026-09-11,1,ok
ESCORTS,68.04,2026-06-30,0.0,0.0,31.450000000000003,23,True,0.0,30-Jun-2026,1826503.0,1.6499999999999915,2026-09-11,1,ok
ETERNAL,0.0,2026-06-30,0.0,0.0,0.0,23,False,,,,,2026-09-11,1,ok
EXIDEIND,45.99,2026-06-30,0.0,0.0,0.0,20,True,0.0,30-Jun-2026,16293076.0,0.0,2026-09-11,1,ok
FACT,90.0,2026-06-30,0.0,0.0,0.0,20,True,0.0,30-Jun-2026,1347507.0,0.0,2026-09-11,1,ok
FEDERALBNK,0.0,2026-06-30,0.0,0.0,0.0,22,False,,30-Jun-2026,41738753.0,1.01,2026-09-11,1,ok
FINCABLES,35.86,2026-06-30,0.0,0.0,-0.060000000000002274,20,True,0.0,30-Jun-2026,3076789.0,0.0,2026-09-11,1,ok
FIRSTCRY,0.0,2026-06-30,0.0,0.0,0.0,9,False,,,,,2026-09-11,1,ok
FIVESTAR,18.61,2026-06-30,0.0,-2.8599999999999994,-16.259999999999998,16,True,0.0,30-Jun-2026,6183350.0,0.0,2026-09-11,1,ok
FLUOROCHEM,61.39,2026-06-30,0.0,-1.1899999999999977,-6.260000000000005,20,True,5.97,30-Jun-2026,8648307.0,0.0,2026-09-11,1,ok
FORCEMOT,61.63,2026-06-30,0.0,0.0,0.0,11,True,0.0,,,,2026-09-11,1,ok
FORTIS,31.17,2026-06-30,0.0,0.0,0.0,20,True,0.0,30-Jun-2026,10132034.0,0.0,2026-09-11,1,ok
FSL,53.66,2026-06-30,0.0,0.0,0.0,20,True,0.0,30-Jun-2026,10897463.0,0.8500000000000014,2026-09-11,1,ok
GABRIEL,63.55,2026-06-30,0.0,8.549999999999997,8.549999999999997,21,True,0.0,30-Jun-2026,2322101.0,0.0,2026-09-11,1,ok
GAIL,51.79,2026-06-30,-0.09000000000000341,-0.09000000000000341,-0.060000000000002274,21,True,0.0,30-Jun-2026,49583524.0,0.240000000000002,2026-09-11,1,ok
GALLANTT,70.03,2026-06-30,0.030000000000001137,1.0999999999999943,2.7900000000000063,20,True,0.0,30-Jun-2026,6792360.0,0.0,2026-09-11,1,ok
GESHIP,30.07,2026-06-30,0.0,0.0,0.0,22,True,0.0,30-Jun-2026,4010087.0,0.0,2026-09-11,1,ok
GICRE,77.4,2026-06-30,-5.0,-5.0,-8.379999999999995,20,True,0.0,,,,2026-09-11,1,ok
GILLETTE,75.0,2026-06-30,0.0,0.0,0.0,20,True,0.0,30-Jun-2026,1207648.0,0.0,2026-09-11,1,ok
GLAND,51.77,2026-06-30,-0.05999999999999517,-0.05999999999999517,-6.25,20,True,0.0,,,,2026-09-11,1,ok
GLAXO,75.0,2026-06-30,0.0,0.0,0.0,20,True,0.0,30-Jun-2026,1116200.0,0.0,2026-09-11,1,ok
GLENMARK,46.65,2026-06-30,0.0,0.0,0.01999999999999602,21,True,0.0,30-Jun-2026,3580371.0,0.0,2026-09-11,1,ok
GMDCLTD,74.0,2026-06-30,0.0,0.0,0.0,20,True,0.0,30-Jun-2026,19948863.0,0.0,2026-09-11,1,ok
GMRAIRPORT,67.16,2026-06-30,0.8299999999999983,0.9200000000000017,6.659999999999997,22,True,16.44,30-Jun-2026,1241042164.0,0.0,2026-09-11,1,ok
GODFRYPHLP,72.58,2026-06-30,0.0,0.0,-0.25,21,True,0.21,30-Jun-2026,3738285.0,0.0,2026-09-11,1,ok
GODIGIT,73.0,2026-06-30,-0.010000000000005116,-0.09999999999999432,-0.5799999999999983,10,True,0.0,,,,2026-09-11,1,ok
GODREJCP,53.05,2026-06-30,0.0,-0.020000000000003126,-10.170000000000002,20,True,0.0,30-Jun-2026,4910632.0,0.0,2026-09-11,1,ok
GODREJIND,74.64,2026-06-30,0.0,3.6700000000000017,7.459999999999994,20,True,0.0,30-Jun-2026,1518463.0,0.0,2026-09-11,1,ok
GODREJPROP,51.66,2026-06-30,0.0,4.959999999999994,-19.17,31,True,0.0,30-Jun-2026,3459205.0,0.0,2026-09-11,1,ok
GPIL,63.18,2026-06-30,-0.1600000000000037,-0.29999999999999716,-4.32,22,True,0.0,30-Jun-2026,42336884.0,0.0,2026-09-11,1,ok
GRANULES,38.02,2026-06-30,0.0,-0.7999999999999972,-4.019999999999996,22,True,0.0,30-Jun-2026,13459193.0,0.0,2026-09-11,1,ok
GRAPHITE,65.34,2026-06-30,0.0,0.0,0.0,20,True,0.0,30-Jun-2026,3917544.0,0.0,2026-09-11,1,ok
GRASIM,43.74,2026-06-30,0.0,0.6300000000000026,1.480000000000004,21,True,0.0,30-Jun-2026,20227696.0,0.3299999999999983,2026-09-11,1,ok
GRAVITA,55.88,2026-06-30,0.0,0.0,-17.119999999999997,21,True,0.0,30-Jun-2026,2855158.0,1.3200000000000003,2026-09-11,1,ok
GROWW,27.14,2026-06-30,-0.23999999999999844,,-0.6699999999999982,4,True,1.26,30-Jun-2026,97008180.0,1.1099999999999994,2026-09-11,1,ok
GRSE,74.5,2026-06-30,0.0,0.0,0.0,20,True,0.0,,,,2026-09-11,1,ok
GVT&D,,,,,,0,False,,,,,2026-09-11,1,no_holding_history
HAL,71.64,2026-06-30,0.0,0.0,-3.510000000000005,20,True,0.0,,,,2026-09-11,1,ok
HAVELLS,59.35,2026-06-30,-0.030000000000001137,-0.030000000000001137,-0.11999999999999744,20,True,0.0,30-Jun-2026,4140524.0,0.0,2026-09-11,1,ok
HBLENGINE,59.11,2026-06-30,0.0,0.0,0.509999999999998,20,True,0.0,30-Jun-2026,19487351.0,0.0,2026-09-11,1,ok
HCLTECH,60.88,2026-06-30,0.020000000000003126,0.07000000000000028,0.5500000000000043,20,True,0.0,30-Jun-2026,8808676.0,0.28999999999999915,2026-09-11,1,ok
HDBFS,74.12,2026-06-30,0.0,-0.06999999999999318,-0.06999999999999318,5,True,0.0,,,,2026-09-11,1,ok
HDFCAMC,52.34,2026-06-30,-0.02999999999999403,-0.0799999999999983,-16.50999999999999,21,True,0.0,,,,2026-09-11,1,ok
HDFCBANK,0.0,2026-06-30,0.0,0.0,-25.83,22,False,,30-Jun-2026,374653401.0,13.32,2026-09-11,1,ok
HDFCLIFE,50.54,2026-06-30,0.3299999999999983,0.259999999999998,-3.270000000000003,21,True,0.0,,,,2026-09-11,1,ok
HEG,56.28,2026-06-30,0.0,0.5,1.1499999999999986,20,True,0.0,30-Jun-2026,5573451.0,0.0,2026-09-11,1,ok
HEROMOTOCO,34.73,2026-06-30,0.0,-0.010000000000005116,-0.030000000000001137,20,True,0.0,30-Jun-2026,1332564.0,0.0,2026-09-11,1,ok
HEXT,74.3,2026-06-30,0.0,-0.269999999999996,-0.4099999999999966,7,True,0.0,,,,2026-09-11,1,ok
HFCL,28.29,2026-06-30,0.0,-1.7300000000000004,-13.600000000000001,23,True,2.08,30-Jun-2026,167706121.0,0.019999999999999574,2026-09-11,1,ok
HINDALCO,34.66,2026-06-30,0.01999999999999602,0.01999999999999602,0.00999999999999801,20,True,0.0,30-Jun-2026,27873184.0,0.47000000000000597,2026-09-11,1,ok
HINDCOPPER,66.14,2026-06-30,0.0,0.0,0.0,20,True,0.0,30-Jun-2026,50688489.0,0.0,2026-09-11,1,ok
HINDPETRO,54.9,2026-06-30,0.0,0.0,0.0,21,True,0.0,30-Jun-2026,36435740.0,0.0,2026-09-11,1,ok
HINDUNILVR,61.9,2026-06-30,0.0,0.0,0.0,20,True,0.0,30-Jun-2026,13627921.0,0.0,2026-09-11,1,ok
HINDZINC,60.71,2026-06-30,0.0,-1.1300000000000026,-4.210000000000001,20,True,8.14,30-Jun-2026,187707091.0,0.0,2026-09-11,1,ok
HOMEFIRST,6.97,2026-06-30,-0.020000000000000462,-5.46,-26.68,21,True,0.0,,,,2026-09-11,1,ok
HONASA,35.47,2026-06-30,-0.07000000000000028,0.4799999999999969,0.12999999999999545,12,True,4.15,30-Jun-2026,7567776.0,0.0,2026-09-11,1,ok
HONAUT,75.0,2026-06-30,0.0,0.0,0.0,20,True,0.0,30-Jun-2026,102445.0,0.0,2026-09-11,1,ok
HSCL,52.5,2026-06-30,0.0,0.9299999999999997,7.07,24,True,0.0,30-Jun-2026,67551145.0,0.0,2026-09-11,1,ok
HUDCO,75.0,2026-06-30,0.0,0.0,-6.810000000000002,20,True,0.0,,,,2026-09-11,1,ok
HYUNDAI,82.5,2026-06-30,0.0,0.0,0.0,8,True,0.0,,,,2026-09-11,1,ok
ICICIAMC,87.6,2026-06-30,0.009999999999990905,,0.009999999999990905,4,True,0.0,,,,2026-09-11,1,ok
ICICIBANK,0.0,2026-06-30,0.0,0.0,0.0,20,False,,30-Jun-2026,74905303.0,0.0,2026-09-11,1,ok
ICICIGI,51.22,2026-06-30,-0.07000000000000028,-0.240000000000002,3.1400000000000006,20,True,0.0,,,,2026-09-11,1,ok
ICICIPRULI,72.73,2026-06-30,-0.06999999999999318,-0.22999999999998977,-0.6899999999999977,20,True,0.0,,,,2026-09-11,1,ok
IDBI,94.71,2026-06-30,0.0,0.0,0.0,20,True,0.0,30-Jun-2026,93922334.0,0.0,2026-09-11,1,ok
IDEA,25.64,2026-06-30,0.0,0.07000000000000028,-46.41,27,True,0.0,30-Jun-2026,4305156670.0,0.0,2026-09-11,1,ok
IDFCFIRSTB,0.0,2026-06-30,0.0,0.0,-36.52,28,False,,,,,2026-09-11,1,ok
IEX,0.0,2026-06-30,0.0,0.0,0.0,21,False,,,,,2026-09-11,1,ok
IFCI,72.57,2026-06-30,0.0,0.0,8.759999999999991,25,True,0.0,30-Jun-2026,110261253.0,0.0,2026-09-11,1,ok
IGIL,76.55,2026-06-30,0.0,0.0,0.0,8,True,0.0,,,,2026-09-11,1,ok
IGL,45.0,2026-06-30,0.0,0.0,0.0,21,True,0.0,30-Jun-2026,17237675.0,0.0,2026-09-11,1,ok
IIFL,24.85,2026-06-30,0.0,-0.019999999999999574,-0.0799999999999983,21,True,0.0,30-Jun-2026,20041802.0,0.0,2026-09-11,1,ok
IKS,63.72,2026-06-30,0.0,0.0,0.0,8,True,0.0,,,,2026-09-11,1,ok
INDGN,0.0,2026-06-30,0.0,0.0,0.0,10,False,,,,,2026-09-11,1,ok
INDHOTEL,38.12,2026-06-30,0.0,0.0,-2.6300000000000026,20,True,0.0,30-Jun-2026,18008188.0,0.0,2026-09-11,1,ok
INDIACEM,75.0,2026-06-30,0.0,-6.489999999999995,46.58,20,True,0.0,30-Jun-2026,2684423.0,0.0,2026-09-11,1,ok
INDIAMART,49.07,2026-06-30,-0.04999999999999716,-0.10000000000000142,-0.45000000000000284,22,True,0.0,,,,2026-09-11,1,ok
INDIANB,73.84,2026-06-30,0.0,0.0,-6.019999999999996,21,True,0.0,30-Jun-2026,4445684.0,0.0,2026-09-11,1,ok
INDIGO,41.57,2026-06-30,0.0,-1.9699999999999989,-33.220000000000006,20,True,0.0,,,,2026-09-11,1,ok
INDUSINDBK,15.82,2026-06-30,0.0,0.0,-0.7199999999999989,21,True,32.71,30-Jun-2026,75964160.0,3.91,2026-09-11,1,ok
INDUSTOWER,51.26,2026-06-30,0.0,1.259999999999998,-18.589999999999996,21,True,0.0,30-Jun-2026,45782300.0,0.030000000000001137,2026-09-11,1,ok
INFY,13.82,2026-06-30,-0.5600000000000005,-0.4800000000000004,0.7000000000000011,21,True,0.0,30-Jun-2026,49152670.0,6.940000000000001,2026-09-11,1,ok
INOXWIND,44.18,2026-06-30,0.0,0.0,-22.639999999999993,26,True,8.08,30-Jun-2026,223713704.0,0.0,2026-09-11,1,ok
INTELLECT,29.62,2026-06-30,-0.10999999999999943,-0.25,-1.3399999999999999,20,True,0.0,,,,2026-09-11,1,ok
IOB,92.44,2026-06-30,0.0,-2.1700000000000017,-3.9399999999999977,22,True,0.0,30-Jun-2026,80040567.0,0.0,2026-09-11,1,ok
IOC,51.5,2026-06-30,0.0,0.0,0.0,21,True,0.0,30-Jun-2026,120779954.0,0.0,2026-09-11,1,ok
IPCALAB,44.72,2026-06-30,0.0,0.0,-1.5700000000000003,20,True,0.0,30-Jun-2026,1370241.0,0.0,2026-09-11,1,ok
IRB,30.81,2026-06-30,0.019999999999999574,0.389999999999997,-27.650000000000002,22,True,0.03,30-Jun-2026,294765262.0,0.0,2026-09-11,1,ok
IRCON,65.17,2026-06-30,0.0,0.0,-8.010000000000005,20,True,0.0,,,,2026-09-11,1,ok
IRCTC,62.4,2026-06-30,0.0,0.0,-5.000000000000007,21,True,0.0,,,,2026-09-11,1,ok
IREDA,71.76,2026-06-30,0.0,0.0,-3.239999999999995,13,True,0.0,,,,2026-09-11,1,ok
IRFC,82.9,2026-06-30,-1.75,-3.4599999999999937,-3.4599999999999937,20,True,0.0,,,,2026-09-11,1,ok
ITC,0.0,2026-06-30,0.0,0.0,0.0,20,False,,30-Jun-2026,254334331.0,0.02,2026-09-11,1,ok
ITCHOTELS,39.85,2026-06-30,0.0,-0.01999999999999602,-0.030000000000001137,7,True,0.0,,,,2026-09-11,1,ok
ITI,90.02,2026-06-30,0.0,0.0,-0.07000000000000739,23,True,0.0,30-Jun-2026,3760540.0,0.0,2026-09-11,1,ok
J&KBANK,,,,,,0,False,,,,,2026-09-11,1,no_holding_history
JAINREC,73.59,2026-06-30,0.0,,0.0,4,True,0.0,,,,2026-09-11,1,ok
JBMA,67.53,2026-06-30,0.0,0.0,-0.010000000000005116,20,True,0.0,30-Jun-2026,11349272.0,0.0,2026-09-11,1,ok
JINDALSAW,63.25,2026-06-30,0.0,-0.00999999999999801,2.0900000000000034,31,True,0.0,30-Jun-2026,18575829.0,0.25,2026-09-11,1,ok
JINDALSTEL,62.69,2026-06-30,0.0,0.3299999999999983,2.210000000000001,26,True,9.88,30-Jun-2026,68101254.0,0.21999999999999886,2026-09-11,1,ok
JIOFIN,49.13,2026-06-30,0.0,2.010000000000005,3.3300000000000054,14,True,0.0,,,,2026-09-11,1,ok
JKCEMENT,45.66,2026-06-30,0.0,0.0,-11.96,20,True,0.0,30-Jun-2026,801886.0,0.0,2026-09-11,1,ok
JKTYRE,51.72,2026-06-30,0.0,1.1700000000000017,-4.210000000000001,23,True,0.0,30-Jun-2026,7606481.0,0.0,2026-09-11,1,ok
JMFINANCIL,57.03,2026-06-30,-0.03999999999999915,0.5200000000000031,2.219999999999999,20,True,0.0,30-Jun-2026,35904214.0,0.0,2026-09-11,1,ok
JPPOWER,24.0,2026-06-30,0.0,0.0,-2.0199999999999996,20,True,72.99,30-Jun-2026,2205134204.0,0.0,2026-09-11,1,ok
JSL,62.05,2026-06-30,0.0,0.9499999999999957,-6.549999999999997,22,True,0.61,30-Jun-2026,9681671.0,0.030000000000001137,2026-09-11,1,ok
JSWCEMENT,72.02,2026-06-30,-0.010000000000005116,-0.3100000000000023,-0.3100000000000023,5,True,0.08,30-Jun-2026,18857308.0,0.9500000000000028,2026-09-11,1,ok
JSWDULUX,61.2,2026-06-30,0.0,-13.560000000000002,-13.560000000000002,20,True,0.0,30-Jun-2026,282016.0,0.0,2026-09-11,1,ok
JSWENERGY,66.53,2026-06-30,0.0,-2.739999999999995,-8.129999999999995,22,True,13.27,30-Jun-2026,196330467.0,0.060000000000002274,2026-09-11,1,ok
JSWINFRA,73.93,2026-06-30,0.0,-9.689999999999998,-11.679999999999993,14,True,0.0,,,,2026-09-11,1,ok
JSWSTEEL,44.29,2026-06-30,-1.0300000000000011,-1.0200000000000031,0.19999999999999574,20,True,11.55,30-Jun-2026,184917820.0,0.18999999999999773,2026-09-11,1,ok
JUBLFOOD,40.27,2026-06-30,0.0,0.0,-1.6699999999999946,20,True,1.34,30-Jun-2026,8859608.0,0.3299999999999983,2026-09-11,1,ok
JUBLINGREA,45.22,2026-06-30,0.0,0.0,-5.700000000000003,20,True,9.1,30-Jun-2026,10241726.0,0.990000000000002,2026-09-11,1,ok
JUBLPHARMA,47.68,2026-06-30,0.0,0.0,-3.0,20,True,6.51,30-Jun-2026,7245384.0,0.5499999999999972,2026-09-11,1,ok
JWL,68.31,2026-06-30,0.0,0.21999999999999886,7.660000000000004,25,True,0.0,30-Jun-2026,17742396.0,0.0,2026-09-11,1,ok
JYOTICNC,62.55,2026-06-30,0.0,0.0,0.0,11,True,20.92,30-Jun-2026,24544161.0,0.0,2026-09-11,1,ok
KAJARIACER,47.69,2026-06-30,0.0,0.21000000000000085,0.17999999999999972,20,True,0.0,30-Jun-2026,2706908.0,0.0,2026-09-11,1,ok
KALYANKJIL,62.86,2026-06-30,-0.00999999999999801,0.03999999999999915,2.3200000000000003,20,True,24.85,30-Jun-2026,174826948.0,0.0,2026-09-11,1,ok
KARURVYSYA,2.07,2026-06-30,0.0,-0.03000000000000025,-0.050000000000000266,20,True,3.85,30-Jun-2026,26523694.0,0.0,2026-09-11,1,ok
KAYNES,53.46,2026-06-30,0.0,-0.060000000000002274,-10.11,18,True,0.0,,,,2026-09-11,1,ok
KEC,50.1,2026-06-30,0.0,0.0,-1.7199999999999989,21,True,0.0,30-Jun-2026,9955666.0,0.0,2026-09-11,1,ok
KEI,35.0,2026-06-30,0.0,-0.020000000000003126,-3.020000000000003,21,True,0.0,30-Jun-2026,1710020.0,0.0,2026-09-11,1,ok
KFINTECH,22.82,2026-06-30,-0.03999999999999915,-0.0799999999999983,-27.089999999999996,16,True,0.0,,,,2026-09-11,1,ok
KIMS,32.5,2026-06-30,0.0,-1.6099999999999994,-6.350000000000001,22,True,10.26,30-Jun-2026,50744723.0,0.0,2026-09-11,1,ok
KIRLOSENG,41.07,2026-06-30,0.0,-0.060000000000002274,-18.369999999999997,20,True,0.0,30-Jun-2026,3454105.0,0.0,2026-09-11,1,ok
KOTAKBANK,25.87,2026-06-30,0.0,-0.00999999999999801,-0.129999999999999,20,True,0.0,30-Jun-2026,85163790.0,0.0,2026-09-11,1,ok
KPIL,33.58,2026-06-30,0.0,0.05999999999999517,-20.97,22,True,24.55,30-Jun-2026,16745925.0,0.0,2026-09-11,1,ok
KPITTECH,38.6,2026-06-30,-0.8200000000000003,-0.8500000000000014,-1.5399999999999991,20,True,0.0,30-Jun-2026,10553382.0,0.6199999999999974,2026-09-11,1,ok
KPRMILL,67.52,2026-06-30,0.0,0.0,-7.200000000000003,21,True,0.0,30-Jun-2026,4438296.0,0.0,2026-09-11,1,ok
LALPATHLAB,53.19,2026-06-30,-0.020000000000003126,-0.020000000000003126,-2.039999999999999,21,True,0.0,,,,2026-09-11,1,ok
LATENTVIEW,65.1,2026-06-30,0.0,-0.10000000000000853,-3.0,20,True,0.0,,,,2026-09-11,1,ok
LAURUSLABS,27.47,2026-06-30,-0.019999999999999574,-0.120000000000001,0.16999999999999815,20,True,2.69,30-Jun-2026,34436571.0,0.0,2026-09-11,1,ok
LEMONTREE,22.32,2026-06-30,0.0,0.03999999999999915,-3.5599999999999987,20,True,0.0,30-Jun-2026,34998588.0,0.05000000000000071,2026-09-11,1,ok
LENSKART,17.53,2026-06-30,-0.019999999999999574,,-0.03999999999999915,4,True,0.0,,,,2026-09-11,1,ok
LGEINDIA,85.0,2026-06-30,0.0,,0.0,4,True,0.0,,,,2026-09-11,1,ok
LICHSGFIN,45.24,2026-06-30,0.0,0.0,0.0,20,True,0.0,30-Jun-2026,17215890.0,0.0,2026-09-11,1,ok
LICI,96.5,2026-06-30,0.0,0.0,0.0,19,True,0.0,,,,2026-09-11,1,ok
LINDEINDIA,75.0,2026-06-30,0.0,0.0,0.0,20,True,0.0,30-Jun-2026,2979806.0,0.0,2026-09-11,1,ok
LLOYDSME,61.63,2026-06-30,-0.00999999999999801,-2.0999999999999943,-4.119999999999997,19,True,14.76,31-Dec-2025,105877590.0,2.229999999999997,2026-09-11,1,ok
LODHA,70.31,2026-06-30,-1.9599999999999937,-1.5900000000000034,-18.189999999999998,24,True,0.0,30-Jun-2026,2398256.0,0.0,2026-09-11,1,ok
LT,0.0,2026-06-30,0.0,0.0,0.0,21,False,,30-Jun-2026,23306348.0,0.9,2026-09-11,1,ok
LTF,65.96,2026-06-30,-0.030000000000001137,-0.20000000000000284,2.4299999999999926,20,True,0.0,30-Jun-2026,28719934.0,0.0,2026-09-11,1,ok
LTFOODS,51.01,2026-06-30,0.0,0.00999999999999801,-5.800000000000004,21,True,0.0,30-Jun-2026,15017374.0,0.0,2026-09-11,1,ok
LTM,68.49,2026-06-30,-0.030000000000001137,-0.07000000000000739,-5.6000000000000085,21,True,0.0,,,,2026-09-11,1,ok
LTTS,73.52,2026-06-30,-0.04999999999999716,-0.07000000000000739,-0.6300000000000097,20,True,0.0,,,,2026-09-11,1,ok
LUPIN,46.85,2026-06-30,-0.00999999999999801,-0.04999999999999716,0.020000000000003126,20,True,0.0,30-Jun-2026,2667080.0,0.0,2026-09-11,1,ok
M&M,,,,,,0,False,,,,,2026-09-11,1,no_holding_history
M&MFIN,,,,,,0,False,,,,,2026-09-11,1,no_holding_history
MAHABANK,73.6,2026-06-30,0.0,-6.0,-17.370000000000005,23,True,0.0,30-Jun-2026,76736640.0,0.0,2026-09-11,1,ok
MANAPPURAM,41.66,2026-06-30,9.889999999999997,6.409999999999997,6.609999999999999,21,True,0.0,30-Jun-2026,34132603.0,0.0,2026-09-11,1,ok
MANKIND,72.63,2026-06-30,-0.030000000000001137,-0.05000000000001137,-3.8700000000000045,15,True,0.0,,,,2026-09-11,1,ok
MAPMYINDIA,51.41,2026-06-30,0.0,-0.240000000000002,-2.3200000000000003,20,True,0.0,,,,2026-09-11,1,ok
MARICO,58.91,2026-06-30,-0.020000000000003126,-0.12000000000000455,-0.6100000000000065,20,True,2.02,30-Jun-2026,19294634.0,0.18000000000000682,2026-09-11,1,ok
MARUTI,58.65,2026-06-30,0.11999999999999744,0.36999999999999744,2.280000000000001,21,True,0.0,30-Jun-2026,1636855.0,0.0,2026-09-11,1,ok
MAXHEALTH,23.71,2026-06-30,0.0,-0.029999999999997584,-37.199999999999996,20,True,0.0,30-Jun-2026,11092978.0,0.0,2026-09-11,1,ok
MAZDOCK,81.22,2026-06-30,0.0,0.0,-3.6099999999999994,20,True,0.0,,,,2026-09-11,1,ok
MCX,,,,,,0,False,,,,,2026-09-11,1,no_holding_history
MEDANTA,33.0,2026-06-30,-0.00999999999999801,-0.00999999999999801,-0.0799999999999983,16,True,0.0,,,,2026-09-11,1,ok
MEESHO,16.41,2026-06-30,-0.16000000000000014,,-0.3500000000000014,4,True,0.0,,,,2026-09-11,1,ok
MFSL,1.25,2026-06-30,0.0,-0.49,-13.47,20,True,26.92,30-Jun-2026,3056379.0,0.0,2026-09-11,1,ok
MGL,32.5,2026-06-30,0.0,0.0,0.0,20,True,0.0,,,,2026-09-11,1,ok
MINDACORP,64.84,2026-06-30,0.0,0.0,0.10999999999999943,21,True,0.0,,,,2026-09-11,1,ok
MMTC,89.93,2026-06-30,0.0,0.0,0.0,20,True,0.0,30-Jun-2026,21521840.0,0.0,2026-09-11,1,ok
MOTHERSON,48.6,2026-06-30,0.0,0.0,-13.129999999999995,24,True,2.33,30-Jun-2026,255505656.0,0.21999999999999886,2026-09-11,1,ok
MOTILALOFS,67.2,2026-06-30,-0.3400000000000034,-0.5999999999999943,-3.280000000000001,21,True,0.0,30-Jun-2026,16747183.0,0.0,2026-09-11,1,ok
MPHASIS,30.54,2026-06-30,-0.010000000000001563,-9.560000000000002,-21.68,21,True,100.0,30-Jun-2026,59096066.0,0.0,2026-09-11,1,ok
MRF,27.77,2026-06-30,0.0,-0.010000000000001563,-0.07000000000000028,20,True,0.09,30-Jun-2026,45620.0,0.0,2026-09-11,1,ok
MRPL,88.58,2026-06-30,0.0,0.0,0.0,20,True,0.0,30-Jun-2026,17531499.0,0.0,2026-09-11,1,ok
MSUMI,61.73,2026-06-30,0.0,0.0,0.0,21,True,0.0,30-Jun-2026,91567192.0,0.0,2026-09-11,1,ok
MUTHOOTFIN,73.35,2026-06-30,0.0,0.0,-0.020000000000010232,20,True,0.0,30-Jun-2026,2040024.0,0.0,2026-09-11,1,ok
NAM-INDIA,71.8,2026-06-30,-0.13000000000000966,-0.45000000000000284,-2.1700000000000017,20,True,0.0,30-Jun-2026,7316214.0,0.0,2026-09-11,1,ok
NATCOPHARM,49.42,2026-06-30,0.0,-0.14000000000000057,0.5500000000000043,20,True,0.0,30-Jun-2026,6059189.0,0.0,2026-09-11,1,ok
NATIONALUM,51.28,2026-06-30,0.0,0.0,0.0,20,True,0.0,30-Jun-2026,37999895.0,0.0,2026-09-11,1,ok
NAUKRI,37.47,2026-06-30,-0.030000000000001137,-0.1600000000000037,-0.9299999999999997,20,True,0.0,30-Jun-2026,3398034.0,0.09000000000000341,2026-09-11,1,ok
NAVA,50.03,2026-06-30,-0.0799999999999983,-0.10000000000000142,0.7700000000000031,21,True,0.0,30-Jun-2026,17674319.0,0.0,2026-09-11,1,ok
NAVINFLUOR,27.08,2026-06-30,-0.030000000000001137,-0.060000000000002274,-3.120000000000001,21,True,0.0,30-Jun-2026,1322937.0,0.0,2026-09-11,1,ok
NBCC,61.75,2026-06-30,0.0,0.0,0.0,21,True,0.0,30-Jun-2026,122632731.0,0.0,2026-09-11,1,ok
NCC,23.08,2026-06-30,0.2699999999999996,0.9699999999999989,3.3999999999999986,21,True,3.8,30-Jun-2026,50937753.0,0.0,2026-09-11,1,ok
NESTLEIND,62.76,2026-06-30,0.0,0.0,0.0,14,True,0.0,,,,2026-09-11,1,ok
NETWEB,66.98,2026-06-30,0.0,-4.049999999999997,-8.469999999999999,13,True,0.0,,,,2026-09-11,1,ok
NEULANDLAB,32.62,2026-06-30,-0.010000000000005116,-0.060000000000002274,-3.6000000000000014,20,True,2.29,30-Jun-2026,1067235.0,0.0,2026-09-11,1,ok
NEWGEN,53.45,2026-06-30,-0.07000000000000028,-0.3299999999999983,-1.7099999999999937,21,True,0.0,,,,2026-09-11,1,ok
NH,63.27,2026-06-30,0.0,-0.5799999999999983,-0.5799999999999983,20,True,0.0,,,,2026-09-11,1,ok
NHPC,61.39,2026-06-30,-6.010000000000005,-6.010000000000005,-9.560000000000002,20,True,0.0,30-Jun-2026,107883898.0,0.0,2026-09-11,1,ok
NIACL,85.44,2026-06-30,0.0,0.0,0.0,20,True,0.0,,,,2026-09-11,1,ok
NIVABUPA,55.3,2026-06-30,-0.060000000000002274,-0.13000000000000256,-0.6799999999999997,8,True,0.0,,,,2026-09-11,1,ok
NLCINDIA,69.47,2026-06-30,-2.730000000000004,-2.730000000000004,-9.730000000000004,20,True,0.0,30-Jun-2026,32274367.0,0.0,2026-09-11,1,ok
NMDC,60.79,2026-06-30,0.0,0.0,-19.21,22,True,0.0,30-Jun-2026,247790216.0,0.0,2026-09-11,1,ok
NSLNISP,60.79,2026-06-30,0.0,0.0,0.0,15,True,0.0,,,,2026-09-11,1,ok
NTPC,51.1,2026-06-30,0.0,0.0,0.0,20,True,0.0,30-Jun-2026,55616326.0,0.0,2026-09-11,1,ok
NTPCGREEN,89.01,2026-06-30,0.0,0.0,0.0,8,True,0.0,,,,2026-09-11,1,ok
NUVAMA,53.98,2026-06-30,-0.15000000000000568,-0.75,-2.210000000000001,13,True,62.8,30-Jun-2026,67134334.0,0.0,2026-09-11,1,ok
NUVOCO,72.02,2026-06-30,0.0,0.0,0.9899999999999949,20,True,0.0,,,,2026-09-11,1,ok
NYKAA,52.08,2026-06-30,-0.010000000000005116,-0.060000000000002274,-0.480000000000004,21,True,0.0,,,,2026-09-11,1,ok
OBEROIRLTY,67.7,2026-06-30,0.0,0.0,0.0,20,True,0.0,30-Jun-2026,1976650.0,0.0,2026-09-11,1,ok
OFSS,72.41,2026-06-30,-0.030000000000001137,-0.15000000000000568,-0.7400000000000091,20,True,0.0,30-Jun-2026,400509.0,0.0,2026-09-11,1,ok
OIL,56.66,2026-06-30,0.0,0.0,0.0,21,True,0.0,30-Jun-2026,9242186.0,0.0,2026-09-11,1,ok
OLAELEC,32.97,2026-06-30,0.0,-3.8100000000000023,-3.8100000000000023,10,True,0.0,30-Jun-2026,199418376.0,4.509999999999998,2026-09-11,1,ok
OLECTRA,50.02,2026-06-30,0.0,0.0,-1.7199999999999989,20,True,0.0,30-Jun-2026,9830541.0,0.0,2026-09-11,1,ok
ONESOURCE,30.48,2026-06-30,0.0,0.6900000000000013,-7.290000000000003,8,True,37.23,30-Jun-2026,17801248.0,0.0,2026-09-11,1,ok
ONGC,58.89,2026-06-30,0.0,0.0,-1.519999999999996,20,True,0.0,30-Jun-2026,58378537.0,0.0,2026-09-11,1,ok
PAGEIND,42.89,2026-06-30,0.0,0.0,-5.019999999999996,20,True,0.0,30-Jun-2026,84077.0,0.0,2026-09-11,1,ok
PARADEEP,57.86,2026-06-30,0.060000000000002274,0.6599999999999966,1.759999999999998,19,True,15.33,30-Jun-2026,52191873.0,0.0,2026-09-11,1,ok
PATANJALI,68.25,2026-06-30,0.0,-0.5600000000000023,-30.650000000000006,22,True,0.0,30-Jun-2026,76084066.0,0.0,2026-09-11,1,ok
PAYTM,0.0,2026-06-30,0.0,0.0,0.0,21,False,,,,,2026-09-11,1,ok
PCBL,53.38,2026-06-30,0.0,1.970000000000006,-2.309999999999995,22,True,0.0,30-Jun-2026,19099066.0,0.0,2026-09-11,1,ok
PERSISTENT,30.29,2026-06-30,0.0,-0.2699999999999996,-0.9700000000000024,20,True,0.0,30-Jun-2026,1407520.0,0.6700000000000017,2026-09-11,1,ok
PETRONET,50.0,2026-06-30,0.0,0.0,0.0,20,True,0.0,30-Jun-2026,10227818.0,0.0,2026-09-11,1,ok
PFC,55.99,2026-06-30,0.0,0.0,0.0,21,True,0.0,30-Jun-2026,69272612.0,0.0,2026-09-11,1,ok
PFIZER,63.92,2026-06-30,0.0,0.0,0.0,20,True,0.0,30-Jun-2026,467307.0,0.0,2026-09-11,1,ok
PFOCUS,60.73,2026-06-30,-0.04000000000000625,-0.07000000000000028,-9.29,22,True,0.0,30-Jun-2026,27427187.0,0.0,2026-09-11,1,ok
PGEL,43.37,2026-06-30,-0.03999999999999915,-0.3500000000000014,-22.46,23,True,0.0,30-Jun-2026,13462309.0,0.09000000000000341,2026-09-11,1,ok
PHOENIXLTD,47.25,2026-06-30,0.0,-0.00999999999999801,1.7700000000000031,22,True,0.0,30-Jun-2026,1285422.0,0.0,2026-09-11,1,ok
PIDILITIND,69.24,2026-06-30,-0.0799999999999983,-0.09000000000000341,-0.75,21,True,0.0,30-Jun-2026,7748248.0,0.0,2026-09-11,1,ok
PIIND,46.09,2026-06-30,0.0,0.0,-0.6499999999999986,20,True,0.0,30-Jun-2026,2185776.0,0.0,2026-09-11,1,ok
PINELABS,0.0,2026-06-30,0.0,,0.0,4,False,,,,,2026-09-11,1,ok
PIRAMALFIN,44.22,2026-08-28,-1.9399999999999977,-1.9399999999999977,-1.9399999999999977,5,True,0.0,,,,2026-09-11,1,ok
PNB,70.08,2026-06-30,0.0,0.0,-3.0700000000000074,21,True,0.0,30-Jun-2026,152625695.0,0.0,2026-09-11,1,ok
PNBHOUSING,28.03,2026-06-30,-0.00999999999999801,-0.04999999999999716,-4.609999999999999,22,True,0.0,,,,2026-09-11,1,ok
POLICYBZR,0.0,2026-06-30,0.0,0.0,0.0,20,False,,,,,2026-09-11,1,ok
POLYCAB,61.46,2026-06-30,-0.03999999999999915,-1.5499999999999972,-6.899999999999999,20,True,0.0,30-Jun-2026,2019670.0,0.0,2026-09-11,1,ok
POLYMED,62.42,2026-06-30,0.0,-0.01999999999999602,17.65,21,True,0.0,30-Jun-2026,3388221.0,0.0,2026-09-11,1,ok
POONAWALLA,59.02,2026-06-30,-0.00999999999999801,-4.939999999999998,-13.499999999999993,22,True,0.0,30-Jun-2026,27417399.0,0.529999999999994,2026-09-11,1,ok
POWERGRID,51.34,2026-06-30,0.0,0.0,0.0,20,True,0.0,30-Jun-2026,42449296.0,0.0,2026-09-11,1,ok
POWERINDIA,71.31,2026-06-30,0.0,0.0,-3.6899999999999977,21,True,0.0,,,,2026-09-11,1,ok
PPLPHARMA,34.8,2026-06-30,-0.060000000000002274,-0.060000000000002274,0.00999999999999801,18,True,0.0,,,,2026-09-11,1,ok
PREMIERENE,58.49,2026-06-30,-5.449999999999996,-5.759999999999998,-5.759999999999998,9,True,0.0,,,,2026-09-11,1,ok
PRESTIGE,60.94,2026-06-30,0.0,0.0,-4.540000000000006,21,True,0.0,30-Jun-2026,1418267.0,0.0,2026-09-11,1,ok
PTCIL,59.72,2026-06-30,0.0,-0.030000000000001137,-8.210000000000008,16,True,0.07,30-Jun-2026,654435.0,0.0,2026-09-11,1,ok
PVRINOX,27.53,2026-06-30,0.0,0.0,10.490000000000002,21,True,10.89,30-Jun-2026,5261691.0,0.0,2026-09-11,1,ok
PWL,71.27,2026-06-30,-1.0300000000000011,,-1.0300000000000011,4,True,0.0,,,,2026-09-11,1,ok
RADICO,40.19,2026-06-30,-0.010000000000005116,-0.030000000000001137,-0.0800000000000054,20,True,0.0,30-Jun-2026,4122650.0,0.0,2026-09-11,1,ok
RAILTEL,72.84,2026-06-30,0.0,0.0,0.0,20,True,0.0,,,,2026-09-11,1,ok
RAINBOW,49.84,2026-06-30,0.0,-0.00999999999999801,0.010000000000005116,18,True,0.0,,,,2026-09-11,1,ok
RAMCOCEM,42.56,2026-06-30,0.0,0.0,0.03999999999999915,20,True,3.43,30-Jun-2026,8478569.0,0.0,2026-09-11,1,ok
RBLBANK,60.0,2026-06-30,0.0,60.0,60.0,21,True,0.0,,,,2026-09-11,1,ok
RECLTD,52.63,2026-06-30,0.0,0.0,-8.009999999999998,21,True,0.0,30-Jun-2026,58288553.0,0.0,2026-09-11,1,ok
REDINGTON,0.0,2026-06-30,0.0,0.0,0.0,20,False,,30-Jun-2026,9019408.0,0.0,2026-09-11,1,ok
RELIANCE,50.48,2026-06-30,0.4799999999999969,0.4099999999999966,-0.1300000000000025,22,True,0.0,30-Jun-2026,175024281.0,0.8400000000000034,2026-09-11,1,ok
RHIM,56.07,2026-06-30,0.0,0.0,-10.419999999999995,23,True,0.0,,,,2026-09-11,1,ok
RITES,72.2,2026-06-30,0.0,0.0,0.0,21,True,0.0,,,,2026-09-11,1,ok
RKFORGE,43.39,2026-06-30,0.060000000000002274,0.259999999999998,-2.6300000000000026,21,True,15.49,30-Jun-2026,26128608.0,0.20000000000000284,2026-09-11,1,ok
RPOWER,24.98,2026-06-30,0.0,0.0,0.0,25,True,0.0,30-Jun-2026,316385189.0,0.0,2026-09-11,1,ok
RRKABEL,61.38,2026-06-30,-0.269999999999996,-0.37999999999999545,-1.3799999999999955,13,True,0.0,,,,2026-09-11,1,ok
RVNL,72.84,2026-06-30,0.0,0.0,-5.359999999999999,21,True,0.0,,,,2026-09-11,1,ok
SAGILITY,50.95,2026-06-30,0.0,-16.429999999999993,-31.439999999999998,8,True,0.0,30-Jun-2026,96660526.0,0.0,2026-09-11,1,ok
SAIL,65.0,2026-06-30,0.0,0.0,0.0,20,True,0.0,30-Jun-2026,124555088.0,0.0,2026-09-11,1,ok
SAILIFE,34.53,2026-06-30,-0.0799999999999983,-0.6199999999999974,-0.7100000000000009,8,True,0.0,30-Jun-2026,2282434.0,0.0,2026-09-11,1,ok
SAMMAANCAP,28.34,2026-06-30,28.34,28.34,6.649999999999999,23,True,0.0,30-Jun-2026,229322695.0,1.3599999999999994,2026-09-11,1,ok
SAPPHIRE,26.07,2026-06-30,0.0,0.0,-25.189999999999998,20,True,0.0,,,,2026-09-11,1,ok
SARDAEN,73.16,2026-06-30,0.0,0.0,0.6599999999999966,20,True,0.0,30-Jun-2026,13756133.0,0.0,2026-09-11,1,ok
SAREGAMA,60.84,2026-06-30,0.0,1.1900000000000048,-2.9299999999999997,21,True,0.0,30-Jun-2026,5949397.0,0.4399999999999977,2026-09-11,1,ok
SBFC,52.31,2026-06-30,-0.03999999999999915,-0.8799999999999955,-11.709999999999994,13,True,0.0,,,,2026-09-11,1,ok
SBICARD,68.86,2026-06-30,-0.060000000000002274,0.269999999999996,-0.5100000000000051,20,True,0.0,,,,2026-09-11,1,ok
SBILIFE,55.32,2026-06-30,-0.00999999999999801,-0.04999999999999716,-0.36999999999999744,20,True,0.0,,,,2026-09-11,1,ok
SBIN,55.47,2026-06-30,-0.05000000000000426,-0.030000000000001137,-2.1499999999999986,21,True,0.0,30-Jun-2026,80026731.0,0.3500000000000014,2026-09-11,1,ok
SCHAEFFLER,74.13,2026-06-30,0.0,0.0,0.0,21,True,0.0,30-Jun-2026,597912.0,0.0,2026-09-11,1,ok
SCHNEIDER,75.0,2026-06-30,0.0,0.0,0.0,20,True,0.0,30-Jun-2026,2859259.0,0.0,2026-09-11,1,ok
SCI,63.75,2026-06-30,0.0,0.0,0.0,20,True,0.0,30-Jun-2026,30038922.0,0.0,2026-09-11,1,ok
SHREECEM,62.55,2026-06-30,0.0,0.0,0.0,20,True,0.0,30-Jun-2026,111157.0,0.0,2026-09-11,1,ok
SHRIRAMFIN,20.3,2026-06-30,0.0,-5.09,-5.279999999999998,22,True,0.0,30-Jun-2026,12340326.0,0.0,2026-09-11,1,ok
SHYAMMETL,74.59,2026-06-30,0.0,0.0,-13.759999999999991,22,True,0.0,30-Jun-2026,14723472.0,0.269999999999996,2026-09-11,1,ok
SIEMENS,75.0,2026-06-30,0.0,0.0,0.0,20,True,0.0,30-Jun-2026,1608777.0,0.0,2026-09-11,1,ok
SIGNATURE,69.54,2026-06-30,-0.0899999999999892,-0.0899999999999892,-0.0899999999999892,13,True,0.0,,,,2026-09-11,1,ok
SJVN,81.85,2026-06-30,0.0,0.0,-4.920000000000002,20,True,0.0,30-Jun-2026,69246794.0,0.0,2026-09-11,1,ok
SOBHA,52.88,2026-06-30,0.0,0.0,-7.699999999999996,46,True,0.0,30-Jun-2026,1313466.0,0.0,2026-09-11,1,ok
SOLARINDS,73.15,2026-06-30,0.0,0.0,0.0,20,True,2.27,30-Jun-2026,3117193.0,0.0,2026-09-11,1,ok
SONACOMS,28.01,2026-06-30,-0.00999999999999801,-0.00999999999999801,-39.28999999999999,21,True,0.0,30-Jun-2026,5919538.0,0.0,2026-09-11,1,ok
SONATSOFTW,28.17,2026-06-30,0.0,0.0,0.0,22,True,0.0,30-Jun-2026,12296984.0,1.2899999999999991,2026-09-11,1,ok
SPLPETRO,64.24,2026-06-30,0.0,0.0,0.1799999999999926,19,True,0.0,,,,2026-09-11,1,ok
SRF,50.26,2026-06-30,0.0,0.0,-0.5100000000000051,21,True,0.0,30-Jun-2026,2789231.0,0.010000000000005116,2026-09-11,1,ok
STARHEALTH,58.01,2026-06-30,0.030000000000001137,-0.030000000000001137,-0.8900000000000006,20,True,0.0,,,,2026-09-11,1,ok
SUMICHEM,75.0,2026-06-30,0.0,0.0,0.0,20,True,0.0,,,,2026-09-11,1,ok
SUNDARMFIN,37.21,2026-06-30,0.0,-0.00999999999999801,1.3200000000000003,20,True,0.0,30-Jun-2026,934962.0,0.7800000000000011,2026-09-11,1,ok
SUNPHARMA,54.48,2026-06-30,0.0,0.0,0.0,20,True,1.65,30-Jun-2026,54510805.0,0.0,2026-09-11,1,ok
SUNTV,75.0,2026-06-30,0.0,0.0,0.0,20,True,0.0,30-Jun-2026,5169405.0,0.0,2026-09-11,1,ok
SUPREMEIND,48.96,2026-06-30,0.0,0.060000000000002274,0.10999999999999943,19,True,0.0,30-Jun-2026,1888968.0,0.0,2026-09-11,1,ok
SUZLON,11.71,2026-06-30,-0.0199999999999995,-0.0299999999999993,-4.699999999999999,25,True,0.0,30-Jun-2026,943080314.0,0.0,2026-09-11,1,ok
SWANCORP,53.96,2026-06-30,0.0,0.0,-10.93,20,True,39.55,30-Jun-2026,101089851.0,0.0,2026-09-11,1,ok
SWIGGY,0.0,2026-06-30,0.0,0.0,0.0,10,False,,,,,2026-09-11,1,ok
SYNGENE,52.59,2026-06-30,-0.0899999999999963,-0.0899999999999963,-17.83,20,True,0.0,,,,2026-09-11,1,ok
SYRMA,42.28,2026-06-30,0.0,-0.6899999999999977,-5.140000000000001,18,True,0.0,,,,2026-09-11,1,ok
TARIL,64.36,2026-06-30,0.0,0.0,-10.549999999999997,23,True,21.84,30-Jun-2026,57666466.0,0.0,2026-09-11,1,ok
TATACAP,85.41,2026-06-30,0.0,,0.0,4,True,0.0,,,,2026-09-11,1,ok
TATACHEM,37.98,2026-06-30,0.0,0.0,0.0,20,True,0.0,30-Jun-2026,10067555.0,0.0,2026-09-11,1,ok
TATACOMM,58.86,2026-06-30,0.0,0.0,0.0,20,True,0.0,30-Jun-2026,3612735.0,0.0,2026-09-11,1,ok
TATACONSUM,33.83,2026-06-30,0.0,-0.010000000000005116,-0.8800000000000026,22,True,0.0,30-Jun-2026,18904070.0,0.0,2026-09-11,1,ok
TATAELXSI,43.9,2026-06-30,0.0,-0.00999999999999801,-0.6300000000000026,20,True,0.0,30-Jun-2026,2568675.0,0.0,2026-09-11,1,ok
TATAINVEST,73.38,2026-06-30,0.0,0.0,0.0,20,True,0.0,30-Jun-2026,9600819.0,0.0,2026-09-11,1,ok
TATAPOWER,46.86,2026-06-30,0.0,0.0,0.0,20,True,0.0,30-Jun-2026,76132776.0,0.0,2026-09-11,1,ok
TATASTEEL,32.94,2026-06-30,-0.25,-0.25,-1.4699999999999989,28,True,0.0,30-Jun-2026,222823335.0,0.0,2026-09-11,1,ok
TATATECH,55.17,2026-06-30,-0.00999999999999801,-0.04999999999999716,-0.21999999999999886,12,True,0.0,,,,2026-09-11,1,ok
TBOTEK,44.41,2026-06-30,0.0,0.0,0.0,10,True,0.0,,,,2026-09-11,1,ok
TCS,71.77,2026-06-30,0.0,0.0,-0.4200000000000017,20,True,0.0,30-Jun-2026,17844242.0,0.0,2026-09-11,1,ok
TECHM,34.97,2026-06-30,0.0,-0.030000000000001137,-0.730000000000004,20,True,0.0,30-Jun-2026,5412487.0,0.0,2026-09-11,1,ok
TECHNOE,56.92,2026-06-30,0.0,0.0,-3.259999999999998,21,True,0.0,,,,2026-09-11,1,ok
TEGA,67.5,2026-06-30,0.0,-7.299999999999997,-11.670000000000002,21,True,0.0,,,,2026-09-11,1,ok
TEJASNET,53.33,2026-06-30,-0.07000000000000028,-0.3999999999999986,53.33,23,True,0.0,,,,2026-09-11,1,ok
TENNIND,74.79,2026-06-30,0.0,,0.0,4,True,0.0,,,,2026-09-11,1,ok
THELEELA,75.91,2026-06-30,0.0,0.0,0.0,6,True,73.65,30-Jun-2026,187423333.0,0.0,2026-09-11,1,ok
THERMAX,61.98,2026-06-30,0.0,0.0,0.0,20,True,0.0,30-Jun-2026,598419.0,5.460000000000001,2026-09-11,1,ok
TIINDIA,43.93,2026-06-30,-0.10999999999999943,-0.1600000000000037,-2.729999999999997,21,True,0.01,30-Jun-2026,1296576.0,0.0,2026-09-11,1,ok
TIMKEN,51.05,2026-06-30,0.0,0.0,-16.75,20,True,0.0,30-Jun-2026,509968.0,0.0,2026-09-11,1,ok
TITAGARH,40.46,2026-06-30,0.0,0.0,-5.310000000000002,22,True,0.06,30-Jun-2026,7315102.0,0.0,2026-09-11,1,ok
TITAN,52.9,2026-06-30,0.0,0.0,0.0,20,True,0.0,30-Jun-2026,9385077.0,0.05000000000000426,2026-09-11,1,ok
TMCV,42.56,2026-06-30,0.0,,0.0,4,True,0.0,,,,2026-09-11,1,ok
TMPV,42.51,2026-06-30,-0.05000000000000426,-0.060000000000002274,-3.8999999999999986,21,True,0.0,30-Jun-2026,86170502.0,0.0,2026-09-11,1,ok
TORNTPHARM,60.78,2026-07-20,-7.530000000000001,-7.530000000000001,-10.469999999999999,22,True,0.0,30-Jun-2026,1704071.0,7.530000000000001,2026-09-11,1,ok
TORNTPOWER,51.09,2026-06-30,0.0,0.0,-2.479999999999997,21,True,0.0,30-Jun-2026,2033167.0,0.0,2026-09-11,1,ok
TRAVELFOOD,86.19,2026-06-30,0.0,0.0,0.0,5,True,0.0,,,,2026-09-11,1,ok
TRENT,37.01,2026-06-30,0.0,0.0,0.0,19,True,0.0,30-Jun-2026,8702376.0,0.0,2026-09-11,1,ok
TRIDENT,73.68,2026-06-30,0.0,0.0,0.6600000000000108,20,True,0.0,30-Jun-2026,111856560.0,0.0,2026-09-11,1,ok
TRITURBINE,55.84,2026-06-30,0.0,0.0,-11.939999999999998,19,True,0.0,30-Jun-2026,2447918.0,0.0,2026-09-11,1,ok
TTML,74.36,2026-06-30,0.0,0.0,0.0,20,True,0.0,30-Jun-2026,46703072.0,0.0,2026-09-11,1,ok
TVSMOTOR,50.27,2026-06-30,0.0,0.0,-1.9899999999999949,20,True,0.0,30-Jun-2026,7213870.0,0.01999999999999602,2026-09-11,1,ok
UBL,70.83,2026-06-30,0.0,0.0,-1.8799999999999955,20,True,12.4,30-Jun-2026,24788257.0,0.0,2026-09-11,1,ok
UCOBANK,90.95,2026-06-30,0.0,0.0,-4.439999999999998,21,True,0.0,30-Jun-2026,109676054.0,0.0,2026-09-11,1,ok
ULTRACEMCO,59.33,2026-06-30,0.0,0.10000000000000142,-0.6300000000000026,20,True,0.0,30-Jun-2026,1744315.0,0.1700000000000017,2026-09-11,1,ok
UNIONBANK,74.76,2026-06-30,0.0,0.0,-8.72999999999999,23,True,0.0,30-Jun-2026,41222228.0,0.0,2026-09-11,1,ok
UNITDSPR,56.67,2026-06-30,0.0,0.0,-0.05999999999999517,20,True,1.18,30-Jun-2026,35880925.0,0.0,2026-09-11,1,ok
UNOMINDA,68.36,2026-06-30,-0.010000000000005116,-0.3499999999999943,0.9000000000000057,27,True,0.0,30-Jun-2026,3558298.0,0.0,2026-09-11,1,ok
UPL,33.51,2026-06-30,0.0,0.00999999999999801,5.649999999999999,41,True,0.0,30-Jun-2026,11048838.0,0.0,2026-09-11,1,ok
URBANCO,19.02,2026-06-30,0.0,-1.4100000000000001,-1.4100000000000001,6,True,0.0,,,,2026-09-11,1,ok
USHAMART,40.28,2026-06-30,-0.240000000000002,-2.1700000000000017,-9.850000000000001,20,True,0.0,30-Jun-2026,23499418.0,1.019999999999996,2026-09-11,1,ok
UTIAMC,0.0,2026-06-30,0.0,0.0,0.0,20,False,,,,,2026-09-11,1,ok
VBL,59.43,2026-06-30,-0.00999999999999801,-0.39000000000000057,-6.970000000000006,27,True,0.0,30-Jun-2026,41153686.0,0.0,2026-09-11,1,ok
VEDL,54.72,2026-06-30,-1.6600000000000037,-1.6600000000000037,-10.460000000000008,21,True,0.0,30-Jun-2026,95288783.0,0.1600000000000037,2026-09-11,1,ok
VIJAYA,52.51,2026-06-30,0.0,-0.12000000000000455,-2.270000000000003,20,True,1.96,30-Jun-2026,1473010.0,0.0,2026-09-11,1,ok
VMM,40.09,2026-06-30,-0.02999999999999403,-14.129999999999995,-35.92999999999999,8,True,0.0,,,,2026-09-11,1,ok
VOLTAS,30.3,2026-06-30,0.0,0.0,0.0,20,True,0.0,30-Jun-2026,3375567.0,0.0,2026-09-11,1,ok
VTL,65.08,2026-06-30,-0.010000000000005116,0.8700000000000045,1.9099999999999966,20,True,0.0,30-Jun-2026,4573082.0,0.0,2026-09-11,1,ok
WAAREEENER,64.12,2026-06-30,-0.06999999999999318,-0.1799999999999926,-0.1799999999999926,8,True,0.0,,,,2026-09-11,1,ok
WELCORP,49.73,2026-06-30,0.0,-0.11000000000000654,-0.28000000000000114,19,True,0.0,30-Jun-2026,17413431.0,0.030000000000001137,2026-09-11,1,ok
WELSPUNLIV,66.36,2026-06-30,0.12000000000000455,0.12000000000000455,-4.0,20,True,0.0,30-Jun-2026,16642419.0,0.3499999999999943,2026-09-11,1,ok
WHIRLPOOL,39.76,2026-06-30,0.0,-11.240000000000002,-35.24,20,True,0.0,30-Jun-2026,2940139.0,0.0,2026-09-11,1,ok
WIPRO,72.59,2026-06-30,0.0,-0.060000000000002274,-0.4299999999999926,26,True,0.0,30-Jun-2026,61557232.0,0.11999999999999034,2026-09-11,1,ok
WOCKPHARMA,49.08,2026-06-30,0.0,-0.010000000000005116,-18.960000000000008,23,True,14.68,30-Jun-2026,21040041.0,0.0,2026-09-11,1,ok
YESBANK,0.0,2026-06-30,0.0,0.0,0.0,23,False,,30-Jun-2026,4281424941.0,0.0,2026-09-11,1,ok
ZEEL,3.99,2026-06-30,0.0,0.0,0.0,20,True,5.38,30-Jun-2026,279365474.0,0.0,2026-09-11,1,ok
ZENSARTECH,48.99,2026-06-30,-0.00999999999999801,-0.07000000000000028,-0.12999999999999545,20,True,0.0,30-Jun-2026,6028541.0,0.3500000000000014,2026-09-11,1,ok
ZENTEC,48.51,2026-06-30,0.0,-0.5399999999999991,-11.68,22,True,0.0,30-Jun-2026,3639831.0,0.39000000000000057,2026-09-11,1,ok
ZFCVINDIA,60.0,2026-06-30,0.0,0.0,-15.0,21,True,0.0,30-Jun-2026,1112458.0,0.0,2026-09-11,1,ok
ZYDUSLIFE,75.01,2026-06-30,0.0,0.020000000000010232,0.13000000000000966,21,True,0.0,30-Jun-2026,5686333.0,0.0,2026-09-11,1,ok
ZYDUSWELL,69.64,2026-06-30,0.010000000000005116,0.010000000000005116,4.820000000000007,21,True,0.0,30-Jun-2026,2153130.0,0.0,2026-09-11,1,ok
